IPC;Energy:;superscalar:;rename:;reorder:;rsb_architecture:;rs_per_rsb;separate_dispatch;integer:;floating:;branch:;memory:
1,74035;0,86083;16;95;147;2;4;1;7;2;6;7
1,74035;0,86083;1;486;337;1;7;0;6;1;8;7
1,74035;0,86083;16;430;352;1;6;0;2;1;3;6
1,74035;0,86083;6;23;107;0;2;0;2;3;4;3
1,74035;0,86083;1;348;321;1;1;0;3;4;3;2
1,74035;0,86083;14;218;336;0;2;1;5;8;4;4
1,74035;0,86083;10;104;198;2;6;1;1;4;5;3
1,74035;0,86083;7;213;211;2;5;0;8;5;5;3
1,73944;0,86083;11;178;7;0;5;0;4;3;2;5
1,73944;0,86083;2;212;219;0;3;0;1;6;2;8
1,73944;0,86083;9;111;2;2;5;0;3;5;6;6
1,73944;0,86083;4;370;243;2;3;1;1;4;2;5
1,73944;0,86083;15;314;434;1;4;0;5;4;1;5
1,73944;0,86083;11;397;305;0;5;0;1;4;8;1
1,73944;0,86083;1;11;267;1;7;0;1;6;6;6
1,73944;0,86083;12;378;102;1;3;1;4;8;1;8
1,74389;0,85930;4;31;455;0;4;1;2;7;8;2
1,74389;0,85930;12;418;132;1;2;0;5;2;3;8
1,74389;0,85930;12;278;112;1;2;0;8;7;6;6
1,74389;0,85930;16;320;146;2;7;1;8;4;5;5
1,74389;0,85930;9;277;160;0;2;0;2;7;2;5
1,74389;0,85930;11;47;44;2;8;1;5;8;7;1
1,74389;0,85930;14;211;75;1;3;0;4;2;1;6
1,74389;0,85930;13;370;458;0;3;0;6;7;8;1
1,74090;0,86035;7;82;391;0;7;1;8;4;1;2
1,74090;0,86035;16;475;207;2;2;0;1;5;4;4
1,74090;0,86035;7;377;157;0;7;1;8;6;6;1
1,74090;0,86035;3;421;305;1;4;0;8;2;7;5
1,74090;0,86035;6;282;462;1;2;0;4;4;2;1
1,74090;0,86035;2;137;35;1;4;0;3;5;1;7
1,74090;0,86035;12;508;281;0;6;0;8;4;8;1
1,73792;0,86215;15;343;395;1;5;0;8;5;1;4
1,74100;0,86006;6;65;274;1;1;0;7;7;3;5
1,74100;0,86006;12;315;440;0;8;0;4;8;3;7
1,74100;0,86006;14;456;266;1;6;1;5;8;3;4
1,74100;0,86006;5;35;179;0;8;1;5;1;1;4
1,74100;0,86006;4;212;184;1;7;0;3;1;7;4
1,74100;0,86006;11;57;363;2;7;1;2;7;8;5
1,74100;0,86006;11;174;84;2;4;0;1;3;2;4
1,74100;0,86006;16;435;369;1;8;1;8;8;8;6
1,74464;0,85827;6;173;467;2;7;0;2;1;6;7
1,74464;0,85827;7;182;319;1;3;0;7;6;4;5
1,74464;0,85827;7;443;276;0;5;1;4;6;6;1
1,74464;0,85827;3;511;352;0;7;1;7;2;7;5
1,74464;0,85827;16;411;308;0;6;0;6;5;7;1
1,74464;0,85827;9;103;463;0;8;1;7;2;4;5
1,74464;0,85827;16;200;45;0;7;0;4;5;2;6
1,74464;0,85827;1;215;355;2;8;0;7;6;2;3
1,74238;0,85935;1;334;230;2;3;1;6;8;1;5
1,74238;0,85935;8;298;5;1;1;0;5;1;2;8
1,74066;0,86008;3;72;392;1;5;1;3;2;2;8
1,74066;0,86008;7;296;416;2;4;1;1;2;3;7
1,74066;0,86008;5;105;416;0;5;0;1;2;1;3
1,74066;0,86008;2;465;18;1;5;1;5;8;7;5
1,74066;0,86008;9;236;298;0;6;0;5;3;7;6
1,74066;0,86008;13;261;270;1;1;0;5;4;7;1
1,73996;0,86143;4;194;239;2;7;0;8;8;4;7
1,73996;0,86143;4;322;486;1;4;0;8;4;2;1
1,73996;0,86143;14;27;180;2;6;1;7;7;8;1
1,73996;0,86143;11;198;37;1;6;0;1;5;3;4
1,73996;0,86143;7;294;81;2;6;0;4;5;7;4
1,73996;0,86143;15;123;84;1;1;0;5;8;4;5
1,73996;0,86143;9;199;385;1;1;0;4;8;8;3
1,73712;0,86203;13;339;507;0;8;1;6;8;6;3
1,74077;0,86077;10;182;317;1;7;0;4;1;8;3
1,74077;0,86077;7;93;238;2;4;0;5;8;3;8
1,74077;0,86077;8;303;460;1;4;0;3;4;1;2
1,74077;0,86077;1;323;457;2;3;1;1;8;6;1
1,74077;0,86077;13;464;369;0;6;1;3;2;1;5
1,74077;0,86077;2;407;149;1;1;1;5;1;7;2
1,74077;0,86077;4;277;410;0;3;1;3;4;6;7
1,74186;0,86015;8;233;135;2;1;1;2;8;2;3
1,74186;0,86015;16;270;373;0;5;0;5;7;4;6
1,74186;0,86015;4;359;296;1;6;0;3;6;6;3
1,73947;0,86119;6;114;419;2;7;0;6;3;3;6
1,73947;0,86119;15;356;332;1;1;1;4;6;8;5
1,73947;0,86119;9;506;301;2;2;1;6;1;4;1
1,73947;0,86119;8;299;430;2;7;0;6;1;5;8
1,73947;0,86119;12;417;78;0;3;1;5;1;8;5
1,74147;0,85987;16;119;397;0;2;1;4;2;2;6
1,74147;0,85987;9;422;133;1;8;1;5;4;7;6
1,74147;0,85987;4;387;227;0;4;1;3;1;7;8
1,74147;0,85987;7;486;43;2;1;1;4;1;3;4
1,74147;0,85987;8;406;264;1;2;1;7;8;5;1
1,74147;0,85987;11;80;427;1;2;0;7;6;2;1
1,74147;0,85987;9;337;412;0;7;1;1;3;6;6
1,73784;0,86119;12;267;213;2;8;0;6;5;6;8
1,73717;0,86253;9;482;322;0;7;1;2;6;4;5
1,73717;0,86253;1;486;504;1;8;1;3;4;5;6
1,73717;0,86253;13;117;437;1;6;0;3;7;6;8
1,73717;0,86253;7;22;119;2;3;1;1;4;2;4
1,73717;0,86253;5;87;381;1;2;1;4;8;2;5
1,73717;0,86253;9;139;333;1;1;1;1;4;2;7
1,73717;0,86253;8;28;491;1;1;1;5;5;8;8
1,74105;0,85902;7;407;37;1;3;1;2;5;4;8
1,74105;0,85902;13;323;101;0;8;0;4;3;7;6
1,74201;0,85974;15;312;51;2;4;1;2;3;5;7
1,74201;0,85974;10;279;127;1;3;0;7;4;5;4
1,74201;0,85974;10;161;29;1;5;0;5;6;6;6
1,74201;0,85974;15;141;473;1;3;0;3;1;1;2
1,74201;0,85974;11;92;406;1;3;0;6;8;8;4
1,74201;0,85974;10;338;269;1;1;0;1;2;2;7
1,74142;0,86007;9;358;320;0;2;1;8;8;6;2
1,74142;0,86007;13;67;87;2;2;0;1;5;8;2
1,74142;0,86007;14;313;345;2;4;1;2;2;3;4
1,74142;0,86007;5;191;228;1;4;1;5;2;8;6
1,74462;0,85886;3;157;93;1;6;1;8;4;5;8
1,74462;0,85886;14;378;450;1;2;0;3;4;6;6
1,74462;0,85886;6;207;60;0;7;0;7;7;2;5
1,74462;0,85886;6;190;88;1;4;0;1;8;1;3
1,74462;0,85886;3;419;53;2;8;0;7;7;6;5
1,73957;0,86070;9;179;380;2;8;1;3;4;2;8
1,73957;0,86070;8;361;172;1;1;1;5;7;4;2
1,73957;0,86070;3;51;423;2;5;0;8;4;1;3
1,73957;0,86070;8;168;39;2;4;0;5;8;5;7
1,73957;0,86070;15;411;76;2;6;1;4;2;2;2
1,73957;0,86070;3;450;398;0;5;0;8;8;1;7
1,74030;0,86071;6;369;269;2;4;0;4;2;6;6
1,74030;0,86071;9;461;355;1;4;1;3;7;7;8
1,74360;0,85901;2;31;312;1;5;0;6;5;2;1
1,74360;0,85901;13;262;259;2;7;1;1;6;8;2
1,74360;0,85901;11;201;393;0;3;0;3;5;3;5
1,74360;0,85901;12;198;345;1;3;0;8;8;4;1
1,74360;0,85901;9;497;153;2;3;0;2;4;4;5
1,74360;0,85901;15;76;107;1;3;0;3;6;3;5
1,73939;0,86096;1;70;212;1;7;0;8;6;3;6
1,73939;0,86096;16;419;172;1;1;0;3;7;7;2
1,73939;0,86096;13;365;232;1;8;0;4;8;1;4
1,73939;0,86096;6;220;102;2;7;1;1;1;7;1
1,73939;0,86096;16;166;238;2;2;0;1;4;6;3
1,74230;0,85923;3;407;377;0;8;1;7;4;2;8
1,74230;0,85923;11;20;466;0;1;0;6;2;7;7
1,74230;0,85923;14;6;137;0;7;0;7;8;7;1
1,74230;0,85923;16;417;386;0;1;1;4;5;8;4
1,74230;0,85923;7;328;438;1;5;0;6;1;1;6
1,73665;0,86221;5;419;439;1;3;1;4;3;7;2
1,73665;0,86221;1;96;304;2;1;0;2;6;2;6
1,73665;0,86221;6;240;39;1;1;1;5;6;6;5
1,73665;0,86221;10;376;48;1;1;0;5;5;6;3
1,73665;0,86221;3;41;153;1;3;0;4;8;3;8
1,74318;0,85896;6;294;312;1;1;1;2;7;5;3
1,74318;0,85896;7;329;139;2;2;1;3;6;7;2
1,74318;0,85896;1;380;503;1;8;1;5;5;4;5
1,74318;0,85896;1;365;85;1;6;0;6;6;8;6
1,73523;0,86313;14;133;74;0;8;1;3;4;2;6
1,73523;0,86313;16;396;360;0;3;0;4;8;6;1
1,73523;0,86313;7;242;386;1;1;1;4;5;1;6
1,73523;0,86313;6;83;334;0;1;1;3;8;8;7
1,74139;0,86080;1;200;358;2;8;1;2;1;6;6
1,74139;0,86080;4;347;165;1;6;0;7;1;7;2
1,74139;0,86080;7;463;277;0;1;0;7;6;1;7
1,74139;0,86080;9;2;39;1;6;1;2;3;1;2
1,74139;0,86080;14;103;501;1;4;0;1;4;3;2
1,74139;0,86080;4;301;490;0;7;1;4;7;1;5
1,73799;0,86220;12;153;200;2;7;0;1;2;4;8
1,73799;0,86220;3;85;28;0;3;1;1;3;4;4
1,73799;0,86220;2;293;297;1;1;1;2;5;1;1
1,73799;0,86220;1;416;365;0;4;1;7;1;6;3
1,73799;0,86220;1;456;211;2;3;1;5;7;5;6
1,74043;0,85968;9;442;257;0;6;0;6;7;8;4
1,74043;0,85968;11;233;211;2;4;0;8;2;8;5
1,74043;0,85968;7;324;174;2;6;1;3;1;7;1
1,74043;0,85968;15;365;236;1;4;0;5;5;6;4
1,74373;0,85960;4;301;62;1;6;1;5;2;4;3
1,74373;0,85960;11;160;483;2;6;1;4;7;2;1
1,74373;0,85960;5;406;135;1;3;1;7;4;7;6
1,74373;0,85960;14;404;467;2;3;1;5;7;5;2
1,73600;0,86346;16;386;476;0;4;1;2;8;7;4
1,73600;0,86346;12;431;81;0;2;0;3;5;8;1
1,73600;0,86346;16;333;126;1;7;0;4;5;5;5
1,73600;0,86346;9;487;118;1;4;0;7;6;3;6
1,73600;0,86346;12;88;379;1;1;0;2;2;4;3
1,74118;0,85964;1;255;371;1;2;0;1;8;6;6
1,74118;0,85964;5;94;181;1;2;1;4;4;1;7
1,74118;0,85964;14;439;343;0;4;0;1;1;6;6
1,74118;0,85964;16;150;188;0;5;1;7;2;5;6
1,74118;0,85964;16;155;37;0;7;0;3;6;7;1
1,73830;0,86278;5;134;165;0;2;1;6;7;7;5
1,73830;0,86278;9;268;58;0;3;1;6;1;1;5
1,73830;0,86278;2;489;348;2;6;1;3;2;2;7
1,73830;0,86278;9;39;428;1;2;1;2;2;1;8
1,73830;0,86278;12;424;177;2;5;0;2;2;1;6
1,74311;0,85931;4;36;422;1;7;1;6;6;3;3
1,74311;0,85931;6;62;327;0;3;1;5;8;4;4
1,74311;0,85931;9;217;499;1;8;0;4;8;7;7
1,74391;0,85937;14;64;512;2;6;1;1;1;2;2
1,74391;0,85937;8;147;62;0;2;0;6;4;8;5
1,74391;0,85937;9;95;374;0;4;0;5;5;7;2
1,74391;0,85937;6;474;182;0;7;1;3;6;2;8
1,73880;0,86162;5;283;471;0;2;1;7;8;8;2
1,73880;0,86162;2;305;416;0;5;0;6;2;8;7
1,73880;0,86162;3;382;335;1;3;0;3;3;6;7
1,73880;0,86162;16;52;376;0;7;1;1;2;2;8
1,73797;0,86213;11;433;247;1;6;1;1;6;8;4
1,73797;0,86213;8;34;61;0;7;1;5;7;4;1
1,73797;0,86213;1;228;466;2;1;1;1;5;5;2
1,73797;0,86213;16;131;328;0;3;1;1;8;3;2
1,74329;0,85923;2;192;158;1;8;0;5;3;7;5
1,74329;0,85923;12;308;345;2;7;1;1;5;1;8
1,74329;0,85923;7;42;56;0;1;1;2;3;1;4
1,74329;0,85923;10;111;296;2;1;1;2;2;7;3
1,74056;0,86025;1;470;115;1;5;1;2;3;4;4
1,74056;0,86025;10;210;212;0;1;0;2;8;8;2
1,74056;0,86025;8;328;108;1;8;1;4;6;6;7
1,74056;0,86025;1;362;400;0;7;1;1;8;6;7
1,74053;0,86070;1;185;167;1;7;1;1;3;2;5
1,74053;0,86070;12;321;163;1;2;1;1;7;1;8
1,74053;0,86070;8;226;300;2;4;0;7;8;5;1
1,74053;0,86070;2;282;405;2;3;0;4;1;8;5
1,73986;0,86100;5;233;114;0;7;0;5;1;1;5
1,73986;0,86100;11;288;196;2;2;0;7;5;5;4
1,73986;0,86100;6;71;477;1;5;1;7;2;2;5
1,73986;0,86100;2;37;354;1;3;0;2;7;2;1
1,74139;0,85997;1;325;266;2;1;0;6;5;5;5
1,74139;0,85997;8;462;76;1;7;1;5;7;2;6
1,74139;0,85997;9;6;281;1;6;1;5;6;1;6
1,74139;0,85997;6;149;165;0;2;0;6;3;1;4
1,74178;0,85963;14;277;497;0;3;1;3;3;1;1
1,74178;0,85963;8;364;350;1;3;0;6;4;1;2
1,74178;0,85963;1;87;92;1;8;0;2;4;8;8
1,74178;0,85963;11;12;438;0;7;1;1;4;8;3
1,74178;0,85963;16;240;215;1;8;1;4;7;7;3
1,74178;0,85963;12;160;28;1;5;0;7;6;5;3
1,73978;0,86015;8;50;372;0;4;0;7;8;8;3
1,73978;0,86015;5;484;471;2;4;1;4;5;1;6
1,73978;0,86015;2;272;88;2;6;0;5;8;7;8
1,73978;0,86015;10;79;137;1;8;0;7;5;3;7
1,74160;0,85946;11;333;500;2;2;0;7;6;8;4
1,74160;0,85946;5;482;463;1;4;0;4;8;1;2
1,74160;0,85946;5;372;204;1;2;1;4;2;7;5
1,74160;0,85946;2;233;503;2;7;0;6;3;3;8
1,74160;0,85946;1;66;278;2;2;0;2;4;1;3
1,73810;0,86126;7;212;281;1;2;1;1;5;4;7
1,73810;0,86126;7;42;318;0;2;0;1;3;1;8
1,73810;0,86126;11;52;140;0;8;0;3;6;4;2
1,73854;0,86219;4;83;473;2;6;1;8;2;5;8
1,73854;0,86219;16;11;43;1;3;1;5;4;5;7
1,73854;0,86219;2;250;316;1;2;0;2;7;4;7
1,73854;0,86219;14;447;208;2;7;0;5;4;4;3
1,74181;0,85990;2;215;376;1;2;0;4;4;6;1
1,74181;0,85990;9;503;302;2;8;1;5;1;6;8
1,74181;0,85990;3;53;237;2;1;1;7;8;6;8
1,74181;0,85990;1;424;159;2;7;1;3;2;6;7
1,74181;0,85990;6;386;312;1;8;0;2;5;7;4
1,74326;0,85912;8;112;220;0;8;1;3;6;2;3
1,74326;0,85912;7;70;14;2;3;1;3;6;5;1
1,74326;0,85912;11;141;350;1;5;1;8;4;1;2
1,74326;0,85912;1;251;276;1;5;1;7;4;8;5
1,74326;0,85912;2;357;324;2;6;0;2;6;3;2
1,73950;0,86121;12;172;359;1;6;1;7;7;4;4
1,73950;0,86121;16;326;164;1;2;0;8;2;8;3
1,73950;0,86121;6;176;443;2;5;1;2;8;2;6
1,73950;0,86121;12;29;318;2;8;0;2;1;1;3
1,74035;0,86017;15;186;36;1;5;1;1;3;4;4
1,74035;0,86017;7;232;248;2;6;0;5;8;8;5
1,74035;0,86017;16;145;413;1;6;0;5;2;4;8
1,74035;0,86017;7;158;3;0;4;1;8;1;1;7
1,74035;0,86017;8;27;455;0;8;0;2;8;6;6
1,74110;0,86036;12;233;46;2;4;0;1;2;7;1
1,74110;0,86036;6;467;284;1;8;1;4;8;6;3
1,74110;0,86036;5;252;16;2;1;1;6;7;5;2
1,74110;0,86036;14;66;126;2;5;1;5;5;2;4
1,74110;0,86036;15;18;70;0;4;1;6;5;2;6
1,73577;0,86348;3;498;91;2;8;0;8;6;8;4
1,73577;0,86348;12;274;485;1;1;1;5;5;8;2
1,73577;0,86348;9;473;291;0;6;1;5;8;6;1
1,73815;0,86173;6;286;147;0;7;1;2;8;5;7
1,73815;0,86173;5;6;355;0;2;0;5;6;8;8
1,73815;0,86173;13;416;478;1;8;0;3;6;4;7
1,73815;0,86173;11;114;55;0;6;1;5;3;4;7
1,73815;0,86173;8;255;205;2;5;0;3;5;3;1
1,74256;0,86002;15;451;28;2;6;1;8;2;6;3
1,74256;0,86002;5;315;129;2;6;1;5;6;8;6
1,74256;0,86002;8;175;218;0;2;0;8;3;4;6
1,74298;0,85899;12;463;443;0;7;1;6;5;1;3
1,74298;0,85899;1;247;504;0;6;1;6;3;7;6
1,74298;0,85899;6;302;180;1;8;1;5;2;2;1
1,74298;0,85899;12;375;69;1;1;1;5;7;6;4
1,74298;0,85899;3;279;425;2;8;0;4;3;1;7
1,74298;0,85899;10;183;412;0;5;1;2;2;3;1
1,73885;0,86194;12;20;215;0;6;0;4;3;2;4
1,73885;0,86194;16;251;338;1;8;1;3;3;4;7
1,73885;0,86194;2;411;353;2;2;1;7;7;4;8
1,73885;0,86194;13;18;23;0;3;0;7;7;5;6
1,73900;0,86103;16;329;4;0;8;1;3;5;3;1
1,73900;0,86103;1;144;299;2;8;1;6;8;2;8
1,73900;0,86103;12;307;403;2;6;1;2;1;8;3
1,73900;0,86103;7;64;392;2;2;1;3;7;2;7
1,73900;0,86103;13;102;229;0;4;0;1;5;4;6
1,74014;0,86053;8;99;319;1;4;1;1;1;7;6
1,74014;0,86053;14;143;406;1;7;0;8;2;2;2
1,74014;0,86053;3;442;197;0;7;0;8;2;3;7
1,74014;0,86053;15;511;75;0;7;1;7;1;2;5
1,74014;0,86053;9;128;164;1;2;1;6;1;1;2
1,74020;0,86083;13;329;358;1;7;1;5;2;7;7
1,74020;0,86083;14;427;329;2;1;1;3;1;6;4
1,74020;0,86083;6;425;248;1;7;0;7;3;8;3
1,74178;0,85982;4;146;100;0;5;0;5;4;2;1
1,74178;0,85982;6;379;387;0;5;0;2;6;8;5
1,74178;0,85982;3;390;234;2;7;1;3;1;5;3
1,74178;0,85982;10;232;275;2;7;0;7;5;7;3
1,74178;0,85982;1;491;451;2;8;0;5;7;5;2
1,74178;0,85982;5;215;390;2;4;1;5;2;1;5
1,74027;0,86021;6;393;397;0;2;0;6;1;1;7
1,74027;0,86021;3;210;455;1;8;1;8;8;3;4
1,74027;0,86021;12;373;435;0;7;1;1;4;3;7
1,74238;0,85975;14;226;270;2;2;0;2;8;3;1
1,74238;0,85975;4;416;222;1;5;0;1;3;8;6
1,74238;0,85975;15;494;212;2;6;1;8;2;2;2
1,74238;0,85975;2;65;498;0;7;1;1;5;7;8
1,74238;0,85975;10;290;158;2;3;0;5;3;1;1
1,73970;0,86015;15;253;305;1;7;0;2;1;8;2
1,73970;0,86015;3;241;219;1;6;1;7;4;2;2
1,73970;0,86015;15;303;498;0;7;1;1;1;1;6
1,73970;0,86015;9;105;125;1;8;1;4;7;8;8
1,73970;0,86015;9;168;300;1;7;1;8;6;5;4
1,73947;0,86103;1;338;113;1;7;1;6;6;2;7
1,73947;0,86103;13;438;494;0;1;0;7;2;4;3
1,73947;0,86103;3;245;38;0;1;0;1;7;1;5
1,74303;0,86007;16;501;425;1;8;0;3;2;6;4
1,74303;0,86007;4;30;50;2;5;1;3;8;5;4
1,74303;0,86007;12;126;376;1;8;1;3;7;3;7
1,74303;0,86007;5;506;21;2;1;1;6;2;8;4
1,74303;0,86007;11;17;379;0;4;1;6;3;3;2
1,74723;0,85746;15;171;451;1;7;0;3;1;7;1
1,74723;0,85746;14;49;449;1;6;1;6;7;7;1
1,74723;0,85746;5;433;427;2;8;1;4;8;8;3
1,74723;0,85746;16;272;467;1;6;1;6;7;8;1
1,73851;0,86198;1;217;243;0;5;0;8;6;3;7
1,73851;0,86198;15;6;270;0;6;0;2;5;8;5
1,73851;0,86198;2;69;373;2;3;0;5;2;5;6
1,73851;0,86198;3;121;118;0;3;0;2;5;8;5
1,74264;0,85915;13;47;446;2;5;0;1;1;6;1
1,74264;0,85915;15;454;241;0;4;0;5;8;8;6
1,74264;0,85915;4;338;215;1;3;1;5;7;5;6
1,74264;0,85915;14;414;403;1;5;1;7;8;5;3
1,74264;0,85915;14;67;156;1;8;1;1;1;8;3
1,73968;0,86100;6;396;337;2;1;1;4;2;5;6
1,73968;0,86100;8;283;108;1;3;0;7;2;6;6
1,73968;0,86100;9;502;471;2;4;1;7;4;4;7
1,73968;0,86100;3;387;12;1;6;1;1;1;6;5
1,73978;0,86084;7;86;8;0;4;0;4;1;2;4
1,73978;0,86084;16;353;221;2;3;0;6;8;1;8
1,73978;0,86084;1;271;349;1;7;0;1;2;1;4
1,73978;0,86084;10;225;2;0;3;0;1;7;3;4
1,74522;0,85928;16;110;383;0;5;1;7;3;3;7
1,74522;0,85928;13;374;478;1;3;1;7;3;5;8
1,74522;0,85928;6;403;188;2;5;0;7;4;1;1
1,74522;0,85928;3;420;333;1;6;1;1;1;6;4
1,74240;0,85965;1;47;191;1;2;1;7;1;6;8
1,74240;0,85965;9;89;156;1;6;1;5;8;1;8
1,74240;0,85965;1;405;244;2;8;1;5;1;8;8
1,74240;0,85965;4;172;259;1;5;0;1;2;6;5
1,74313;0,85876;12;42;238;0;4;0;1;6;8;2
1,74313;0,85876;10;249;19;0;3;1;1;7;2;5
1,74313;0,85876;1;432;504;2;8;0;2;6;1;5
1,74313;0,85876;1;268;282;2;3;0;7;4;3;1
1,74313;0,85876;14;395;89;2;5;1;5;3;6;5
1,74040;0,86015;5;125;158;1;3;0;8;8;1;8
1,74040;0,86015;13;480;313;0;1;0;5;8;5;5
1,74040;0,86015;5;331;319;2;7;0;7;6;2;5
1,74040;0,86015;12;274;66;0;5;0;7;6;6;6
1,74040;0,86015;16;22;350;1;4;0;5;3;5;6
1,74040;0,86015;11;108;204;0;5;1;4;3;3;4
1,73988;0,86127;15;134;464;2;4;0;1;6;3;7
1,73988;0,86127;4;354;321;1;1;1;5;4;1;4
1,73988;0,86127;7;372;247;1;4;1;2;6;2;2
1,74020;0,86082;2;356;470;2;3;0;6;3;7;5
1,74020;0,86082;8;408;50;0;1;1;2;4;5;6
1,74020;0,86082;16;67;402;1;8;1;1;3;8;2
1,73799;0,86232;13;201;456;1;2;1;6;4;6;6
1,73799;0,86232;13;443;149;1;1;1;5;5;2;1
1,73799;0,86232;14;16;89;0;3;1;8;8;1;5
1,73799;0,86232;14;209;127;2;2;0;1;4;5;4
1,73799;0,86232;4;451;368;2;7;1;1;5;4;7
1,74090;0,86055;11;373;318;0;7;0;1;1;3;8
1,74090;0,86055;10;145;237;0;8;0;5;2;4;8
1,73968;0,86104;8;49;235;2;4;1;7;8;7;7
1,73968;0,86104;15;300;246;2;6;0;6;4;6;8
1,73968;0,86104;5;337;304;0;2;0;4;5;3;7
1,73968;0,86104;10;276;487;1;7;1;4;5;8;5
1,73968;0,86104;6;268;376;1;7;1;8;8;2;2
1,73968;0,86104;14;510;219;1;1;0;2;2;5;3
1,73854;0,86195;9;420;156;0;7;1;8;3;8;8
1,73854;0,86195;11;332;21;1;6;1;8;1;4;7
1,74170;0,86010;4;26;29;1;1;1;2;6;8;4
1,74170;0,86010;15;102;298;0;3;0;4;8;1;6
1,74170;0,86010;15;129;167;0;8;0;3;1;7;2
1,74170;0,86010;15;490;476;1;3;1;6;5;1;8
1,74170;0,86010;3;449;360;2;1;1;7;8;6;8
1,74126;0,86064;15;64;144;2;4;1;1;5;4;1
1,74126;0,86064;14;492;367;0;7;0;8;6;8;6
1,74126;0,86064;6;195;170;1;4;1;3;7;7;2
1,74126;0,86064;1;282;341;0;2;0;8;5;3;6
1,74212;0,86050;3;343;243;2;2;1;4;3;3;3
1,74212;0,86050;1;471;441;1;3;0;2;3;6;7
1,74212;0,86050;5;470;508;1;2;0;2;4;6;4
1,74212;0,86050;4;116;489;1;1;0;6;7;7;1
1,74212;0,86050;2;117;275;1;8;0;3;2;7;8
1,74012;0,86127;4;61;29;1;2;0;8;1;8;1
1,74012;0,86127;9;412;394;2;5;0;4;3;1;3
1,74012;0,86127;11;370;53;0;3;1;8;4;5;5
1,74126;0,86004;7;32;497;1;7;1;1;8;5;6
1,74126;0,86004;8;211;508;2;7;1;8;1;7;5
1,74126;0,86004;12;123;52;1;2;0;3;4;1;1
1,74126;0,86004;2;111;164;0;8;1;6;5;1;3
1,74126;0,86004;7;327;191;2;2;1;8;8;3;2
1,74139;0,85992;15;20;509;0;7;0;6;3;1;8
1,74139;0,85992;8;476;138;1;7;1;5;8;2;6
1,74139;0,85992;9;388;309;2;6;1;2;2;2;5
1,74139;0,85992;14;113;224;0;6;0;3;2;4;7
1,74139;0,85992;11;25;451;1;5;1;6;6;8;8
1,74277;0,85965;8;261;313;0;3;0;7;5;6;8
1,74277;0,85965;2;306;215;1;5;0;1;3;1;8
1,74277;0,85965;11;39;27;1;3;1;8;6;2;7
1,74277;0,85965;10;137;467;0;6;0;5;6;7;6
1,74261;0,86025;7;437;209;2;2;1;6;6;7;6
1,74261;0,86025;3;144;446;1;3;1;1;6;7;1
1,74261;0,86025;3;408;131;1;7;1;5;3;4;7
1,74261;0,86025;14;167;209;2;8;1;8;7;3;6
1,74261;0,86025;3;232;321;0;1;0;5;4;4;8
1,74261;0,86025;15;124;241;1;4;1;3;8;8;5
1,74251;0,86009;12;411;398;1;3;1;4;1;7;8
1,74251;0,86009;14;437;452;1;4;1;6;3;3;1
1,74251;0,86009;2;357;89;2;2;0;7;5;6;2
1,73877;0,86174;1;264;339;2;4;1;6;6;1;1
1,73877;0,86174;3;221;238;2;5;1;2;3;7;6
1,73877;0,86174;11;74;490;2;1;1;7;4;3;1
1,73877;0,86174;9;104;294;2;6;1;2;5;6;7
1,73877;0,86174;12;353;406;1;3;0;8;1;4;6
1,74051;0,86079;12;134;36;2;4;1;8;5;6;3
1,74051;0,86079;11;392;248;2;4;1;1;8;6;8
1,74051;0,86079;9;212;142;0;3;0;5;8;4;5
1,73955;0,86093;6;130;27;2;2;0;7;7;3;4
1,73955;0,86093;8;61;398;0;5;1;7;6;1;6
1,73955;0,86093;10;223;427;1;2;0;4;8;8;7
1,73955;0,86093;5;481;15;2;5;0;3;7;4;4
1,73955;0,86093;5;398;426;2;5;0;6;5;8;3
1,73727;0,86148;7;456;153;2;1;1;3;5;8;7
1,73727;0,86148;9;490;342;2;1;0;8;4;6;2
1,73727;0,86148;16;119;382;1;5;0;3;6;6;7
1,73727;0,86148;2;176;367;2;7;0;1;8;1;4
1,73913;0,86010;10;409;437;0;4;1;8;1;2;2
1,73913;0,86010;16;243;297;1;7;1;3;4;5;2
1,73913;0,86010;16;509;508;1;6;1;4;4;3;8
1,73913;0,86010;5;202;297;1;6;1;4;8;2;8
1,73968;0,86066;6;180;117;2;5;1;5;4;4;2
1,73968;0,86066;4;222;484;0;4;1;5;8;7;7
1,73968;0,86066;6;63;186;0;1;0;4;1;4;7
1,73968;0,86066;4;407;60;0;7;1;1;6;5;2
1,73968;0,86066;1;56;116;1;7;1;1;4;3;4
1,73968;0,86066;5;256;326;2;3;1;4;6;3;8
1,74033;0,86040;11;442;306;0;7;1;3;6;8;6
1,74033;0,86040;9;229;358;2;1;1;4;3;5;2
1,74090;0,86040;8;461;229;0;7;1;3;1;3;8
1,74090;0,86040;4;275;43;1;6;1;8;6;3;7
1,74090;0,86040;7;195;309;2;6;0;7;3;8;1
1,74090;0,86040;10;158;291;2;4;1;2;4;4;1
1,74090;0,86040;10;61;456;1;2;1;5;5;7;8
1,74090;0,86040;9;280;150;1;3;0;4;3;6;8
1,74352;0,85859;11;322;51;2;3;1;6;2;2;2
1,74352;0,85859;9;72;230;1;3;0;3;7;2;6
1,73652;0,86283;11;350;223;0;5;0;3;5;3;8
1,73652;0,86283;3;62;157;2;2;0;6;4;1;7
1,73652;0,86283;10;283;3;2;5;1;5;1;5;4
1,73652;0,86283;9;121;502;0;4;0;3;2;7;7
1,73652;0,86283;10;106;4;0;5;1;2;7;5;4
1,73652;0,86283;5;58;1;2;7;1;4;6;4;5
1,73742;0,86234;10;481;202;0;8;1;7;5;6;5
1,73742;0,86234;2;167;438;2;1;0;1;7;2;2
1,73742;0,86234;6;417;316;1;5;1;8;8;1;3
1,73742;0,86234;6;366;129;1;6;1;2;5;6;5
1,73742;0,86234;4;124;425;0;8;1;7;8;5;4
1,74344;0,85894;1;487;355;2;1;0;1;2;7;1
1,74344;0,85894;14;438;41;2;7;0;6;2;1;1
1,74344;0,85894;11;484;228;0;3;1;4;8;6;4
1,74282;0,86060;14;171;212;2;3;0;1;2;3;2
1,74282;0,86060;5;128;454;0;7;0;6;1;1;1
1,74282;0,86060;2;112;296;1;2;1;8;4;7;2
1,74282;0,86060;7;339;156;1;5;1;1;3;6;6
1,74282;0,86060;1;240;196;1;6;1;4;3;2;7
1,74282;0,86060;7;352;429;1;3;0;3;2;2;1
1,73678;0,86258;15;358;186;2;3;1;2;5;3;1
1,73678;0,86258;13;34;410;1;8;0;6;6;8;4
1,73678;0,86258;7;118;492;1;3;1;2;5;4;2
1,73678;0,86258;11;58;483;2;5;0;6;7;7;1
1,73639;0,86206;3;452;385;1;1;1;5;1;6;2
1,73639;0,86206;16;268;374;2;5;1;5;8;2;3
1,73639;0,86206;10;430;459;2;7;1;4;5;2;4
1,73639;0,86206;14;108;327;1;5;0;6;6;7;6
1,74467;0,85788;16;216;378;1;2;0;6;4;7;4
1,74467;0,85788;15;121;383;2;4;1;8;4;8;2
1,74467;0,85788;2;143;410;1;2;1;2;2;1;3
1,74467;0,85788;8;351;343;0;5;0;1;6;2;1
1,73787;0,86180;10;29;48;0;7;0;4;1;7;3
1,73787;0,86180;7;65;114;2;6;0;6;7;6;1
1,73787;0,86180;9;187;402;0;5;0;7;8;1;3
1,73787;0,86180;10;146;407;1;4;1;6;6;6;7
1,74110;0,86034;14;452;222;0;3;1;6;8;4;4
1,74110;0,86034;13;334;308;1;4;1;3;5;3;2
1,74110;0,86034;5;106;127;0;1;1;2;1;4;1
1,74110;0,86034;8;506;264;0;5;0;8;6;2;2
1,73818;0,86234;15;410;218;0;5;0;8;6;5;7
1,73818;0,86234;15;230;213;0;6;1;6;3;8;6
1,73818;0,86234;12;510;100;0;6;0;2;5;4;3
1,73818;0,86234;14;169;161;2;4;1;5;3;5;6
1,73818;0,86234;5;312;166;2;4;1;7;5;8;8
1,73818;0,86234;8;507;373;0;4;0;8;5;2;7
1,74121;0,86070;14;307;251;2;3;1;3;4;6;1
1,74121;0,86070;9;447;218;2;4;1;6;7;4;2
1,74121;0,86070;16;301;262;1;1;1;8;4;3;3
1,74121;0,86070;12;462;268;2;4;1;7;7;1;4
1,73875;0,86170;2;192;45;0;6;1;2;4;8;6
1,73875;0,86170;2;398;83;1;2;0;4;4;5;1
1,73875;0,86170;5;446;476;0;3;1;4;2;2;2
1,73875;0,86170;7;180;419;1;8;0;5;3;3;7
1,73968;0,86158;4;506;443;0;5;0;7;2;7;3
1,73968;0,86158;16;472;200;0;4;0;5;6;1;8
1,73968;0,86158;15;82;495;2;3;1;4;3;5;6
1,73968;0,86158;11;478;407;1;5;0;2;7;1;2
1,73968;0,86158;15;318;400;2;1;1;7;4;5;6
1,74020;0,86035;15;409;176;0;4;0;5;6;8;5
1,74020;0,86035;13;62;329;1;7;1;5;6;7;3
1,74020;0,86035;9;316;91;1;1;1;7;7;2;4
1,74020;0,86035;16;121;436;0;4;1;3;4;1;6
1,74020;0,86035;13;157;159;2;1;0;4;7;4;4
1,74113;0,85950;12;494;471;0;5;0;1;2;5;1
1,74113;0,85950;6;464;239;1;4;1;7;1;5;3
1,74113;0,85950;9;42;256;0;7;1;7;5;6;3
1,73758;0,86154;7;33;512;0;7;1;2;7;7;7
1,73758;0,86154;6;378;179;0;2;0;8;4;6;1
1,73758;0,86154;5;447;55;1;1;0;6;6;4;2
1,73758;0,86154;13;39;429;0;3;0;3;3;2;3
1,73758;0,86154;5;104;369;1;2;1;1;4;5;8
1,74027;0,86043;16;319;501;1;3;1;6;3;6;7
1,74027;0,86043;2;324;279;2;3;0;3;3;1;1
1,74027;0,86043;11;258;73;1;2;1;6;3;5;8
1,74027;0,86043;3;201;328;2;1;1;2;5;6;8
1,73634;0,86242;16;402;45;0;6;1;1;3;3;4
1,73634;0,86242;3;402;92;0;6;0;3;4;6;1
1,73634;0,86242;1;318;392;0;7;0;3;7;8;1
1,73634;0,86242;6;348;304;2;4;1;3;4;3;1
1,73634;0,86242;16;27;144;0;8;1;2;8;6;6
1,74129;0,86033;14;71;242;0;1;0;7;8;2;8
1,74129;0,86033;6;349;58;1;7;1;1;2;1;1
1,74129;0,86033;8;430;412;1;5;1;1;3;3;3
1,74129;0,86033;15;443;255;0;1;1;5;1;8;5
1,73960;0,86065;10;368;290;1;4;0;1;8;1;6
1,73960;0,86065;1;401;472;2;5;0;7;6;8;2
1,73960;0,86065;3;63;470;0;1;0;4;6;2;7
1,74214;0,85984;14;243;329;1;5;1;3;1;5;1
1,74214;0,85984;14;64;480;2;4;0;5;4;5;1
1,74214;0,85984;14;379;268;2;6;1;3;4;8;6
1,74214;0,85984;3;502;288;0;8;1;2;2;4;7
1,74214;0,85984;7;42;74;2;7;1;1;8;4;7
1,74214;0,85984;7;459;459;1;2;0;1;1;4;5
1,74214;0,85984;10;32;69;1;1;0;2;1;4;3
1,74360;0,85919;8;249;32;1;7;0;7;8;4;4
1,74360;0,85919;11;280;231;2;7;1;8;8;2;6
1,74360;0,85919;3;42;366;1;2;1;6;8;4;2
1,73742;0,86212;2;173;18;1;6;1;4;4;6;6
1,73742;0,86212;5;500;402;1;1;0;6;3;8;8
1,73742;0,86212;15;375;241;1;4;0;5;5;7;6
1,73742;0,86212;11;24;260;0;6;0;3;8;4;8
1,73742;0,86212;14;285;321;1;4;0;3;2;5;4
1,74035;0,86068;1;453;267;0;4;0;1;3;1;7
1,74035;0,86068;1;140;448;1;5;0;5;5;8;4
1,74035;0,86068;3;434;281;1;7;1;5;2;5;2
1,74147;0,86025;15;139;315;2;2;1;1;6;7;2
1,74147;0,86025;3;504;455;0;8;1;1;6;4;4
1,74147;0,86025;11;373;389;0;7;0;1;5;8;1
1,74147;0,86025;12;512;264;2;4;1;5;3;1;5
1,74147;0,86025;15;254;218;2;1;1;2;6;2;3
1,73854;0,86117;13;101;71;0;3;1;1;2;6;1
1,73854;0,86117;4;282;72;1;3;1;4;4;5;2
1,73854;0,86117;11;293;26;0;8;1;7;4;5;7
1,73854;0,86117;13;329;228;1;2;1;8;4;6;4
1,73854;0,86117;9;54;336;2;8;0;3;2;1;3
1,74412;0,85869;1;72;490;1;2;0;2;8;7;7
1,74412;0,85869;12;157;105;0;1;0;2;6;3;4
1,74412;0,85869;1;486;439;1;3;1;4;4;4;5
1,74321;0,85944;8;377;202;1;7;1;1;4;1;1
1,74321;0,85944;4;363;419;1;6;0;1;2;1;8
1,74321;0,85944;9;232;385;2;6;1;8;8;3;2
1,74321;0,85944;9;23;444;1;8;1;1;4;7;2
1,74321;0,85944;15;342;261;1;4;1;1;1;1;5
1,74321;0,85944;12;80;281;0;6;0;5;5;7;4
1,74040;0,86061;8;415;225;1;8;1;4;5;6;4
1,74040;0,86061;6;310;460;1;3;1;6;5;4;2
1,74040;0,86061;7;485;6;0;7;1;3;5;6;8
1,73976;0,86081;3;69;411;2;6;1;1;3;7;7
1,73976;0,86081;12;431;461;1;8;1;4;3;8;3
1,73976;0,86081;1;40;196;1;5;0;7;4;5;8
1,73976;0,86081;11;193;243;1;8;0;3;4;7;6
1,73976;0,86081;1;480;291;0;5;1;6;4;2;4
1,74025;0,86097;1;138;56;2;2;1;3;8;2;5
1,74025;0,86097;15;155;141;0;3;0;2;7;5;1
1,74025;0,86097;11;110;183;2;4;1;2;7;8;5
1,74209;0,85944;3;51;443;0;7;0;5;7;2;2
1,74209;0,85944;9;348;45;2;2;1;5;3;1;1
1,74209;0,85944;8;402;499;0;7;1;5;1;4;8
1,74209;0,85944;16;440;330;1;8;1;3;5;6;4
1,74209;0,85944;16;471;112;1;3;1;2;4;6;7
1,74410;0,85900;13;225;487;2;4;0;6;8;6;8
1,74410;0,85900;6;8;6;0;8;0;1;2;7;2
1,74410;0,85900;6;502;92;1;5;0;5;2;5;5
1,74410;0,85900;5;68;227;2;2;1;7;5;2;7
1,73887;0,86167;12;156;228;0;1;0;8;3;4;6
1,73887;0,86167;5;260;35;0;8;0;8;1;2;8
1,73887;0,86167;16;390;320;1;5;1;6;1;7;3
1,73887;0,86167;3;416;348;1;3;0;1;4;3;1
1,73717;0,86218;14;373;89;2;5;0;5;6;2;1
1,73717;0,86218;6;493;326;1;8;0;1;4;3;8
1,73717;0,86218;2;495;184;0;1;1;2;3;2;4
1,73717;0,86218;12;164;379;0;1;0;3;7;2;3
1,73717;0,86218;13;130;100;0;1;0;1;5;4;3
1,73717;0,86218;1;127;510;1;5;0;8;1;8;8
1,74186;0,85993;15;38;439;2;2;0;5;8;1;2
1,74186;0,85993;12;301;473;1;8;0;8;5;4;2
1,74186;0,85993;8;106;43;2;3;1;1;3;4;3
1,73851;0,86177;12;418;154;1;1;1;2;2;8;2
1,73851;0,86177;5;197;212;2;7;1;5;4;3;8
1,73851;0,86177;10;146;220;2;4;0;7;8;8;8
1,73851;0,86177;16;380;53;0;8;0;6;6;8;6
1,73851;0,86177;15;383;412;1;8;1;1;4;6;6
1,73851;0,86177;5;190;504;1;6;0;8;4;4;6
1,73794;0,86287;6;374;171;0;2;0;1;8;5;3
1,73794;0,86287;14;464;490;1;3;0;2;7;6;6
1,73794;0,86287;5;442;231;1;5;1;5;5;3;3
1,73794;0,86287;13;139;382;0;4;1;7;4;4;5
1,73794;0,86287;3;341;498;2;4;1;1;5;7;5
1,73595;0,86312;5;179;88;1;4;0;1;2;7;5
1,73595;0,86312;14;324;124;1;7;1;5;2;1;5
1,73595;0,86312;3;270;357;1;5;1;7;6;5;4
1,73595;0,86312;7;212;108;2;7;1;8;6;5;4
1,74235;0,86074;7;219;73;0;3;0;4;5;1;8
1,74235;0,86074;3;153;146;2;5;0;1;8;8;3
1,74235;0,86074;10;153;55;2;1;0;2;2;1;1
1,74235;0,86074;15;462;419;2;8;1;1;5;3;6
1,74363;0,85854;2;103;414;0;1;1;2;8;5;7
1,74363;0,85854;13;184;488;1;1;0;6;4;1;8
1,74363;0,85854;2;493;173;0;8;0;2;7;7;6
1,74363;0,85854;7;54;321;2;6;1;4;3;8;1
1,74305;0,85913;6;435;182;1;2;1;7;2;8;5
1,74305;0,85913;9;307;410;1;8;1;2;1;5;1
1,74305;0,85913;1;143;397;2;7;1;1;4;2;5
1,74305;0,85913;13;436;73;1;2;0;6;1;5;8
1,74305;0,85913;6;130;242;1;7;1;7;4;7;5
1,74305;0,85913;16;488;369;1;4;0;8;2;8;5
1,73737;0,86259;15;349;248;1;8;1;4;8;5;5
1,73737;0,86259;2;8;295;1;6;1;7;5;5;4
1,74451;0,85865;10;245;64;0;4;0;1;1;6;6
1,74451;0,85865;3;11;335;1;5;0;5;4;8;8
1,74451;0,85865;4;178;35;0;4;1;6;5;7;6
1,74451;0,85865;4;433;323;2;1;1;1;8;4;7
1,74451;0,85865;16;484;97;1;3;0;8;1;6;2
1,74451;0,85865;5;177;465;1;1;0;3;3;6;8
1,74157;0,86016;11;410;321;2;1;1;3;4;8;2
1,74157;0,86016;10;286;131;0;5;0;5;5;1;1
1,73792;0,86249;4;304;246;0;7;1;6;5;4;1
1,73792;0,86249;9;331;150;1;1;0;3;3;5;1
1,73792;0,86249;15;13;264;2;5;1;2;1;3;3
1,73792;0,86249;15;96;260;1;6;0;6;5;2;8
1,73792;0,86249;5;298;146;0;5;0;3;5;6;7
1,73792;0,86249;12;33;46;0;5;0;6;4;5;6
1,73792;0,86249;15;26;203;0;6;1;2;6;1;4
1,73792;0,86249;13;11;163;2;4;0;3;2;8;3
1,73810;0,86119;5;127;165;1;1;0;3;4;6;8
1,73810;0,86119;12;184;155;1;2;0;4;8;5;2
1,74131;0,86021;14;370;39;0;8;0;4;5;2;7
1,74131;0,86021;12;48;122;2;7;0;6;4;2;5
1,74131;0,86021;16;489;101;1;8;1;3;1;2;1
1,74131;0,86021;1;174;8;1;7;0;8;5;1;1
1,74131;0,86021;7;19;465;0;3;1;1;3;7;1
1,74131;0,86021;8;54;91;2;7;0;4;2;3;3
1,74033;0,86046;7;325;42;0;1;1;3;5;6;6
1,74033;0,86046;2;6;85;0;3;0;8;3;3;4
1,74033;0,86046;12;128;180;0;1;0;1;6;2;4
1,73947;0,86080;16;349;189;2;7;1;7;6;2;5
1,73947;0,86080;1;78;427;1;6;1;6;3;7;2
1,73947;0,86080;13;233;119;0;8;0;2;6;1;1
1,73947;0,86080;11;400;321;1;2;0;7;1;7;8
1,73947;0,86080;8;231;505;1;6;1;2;6;1;5
1,74251;0,85921;14;486;481;0;2;1;7;7;1;1
1,74251;0,85921;11;429;232;0;8;0;8;5;8;5
1,74251;0,85921;3;318;188;2;7;1;5;8;6;5
1,74136;0,86020;8;315;247;2;5;0;2;6;7;1
1,74136;0,86020;6;122;439;2;7;1;7;3;4;5
1,74136;0,86020;3;396;249;0;1;0;8;1;6;8
1,74136;0,86020;11;493;403;2;4;0;7;3;4;3
1,74136;0,86020;10;350;66;0;8;0;6;5;5;8
1,73572;0,86279;5;61;6;1;5;0;1;5;3;4
1,73572;0,86279;6;274;306;1;3;0;2;2;5;3
1,73572;0,86279;15;139;502;0;1;1;2;6;5;8
1,73572;0,86279;12;4;344;1;3;0;6;5;1;3
1,73572;0,86279;10;319;351;1;5;0;4;2;1;4
1,73572;0,86279;15;499;109;0;3;1;2;4;5;3
1,74162;0,86023;16;306;258;1;5;0;2;6;4;6
1,74162;0,86023;10;177;346;1;8;1;6;2;7;7
1,74162;0,86023;4;16;414;2;2;1;1;3;7;2
1,74285;0,85921;5;131;265;2;6;0;6;1;5;1
1,74285;0,85921;11;60;23;2;4;1;4;2;6;1
1,74285;0,85921;16;475;74;0;1;1;3;8;5;4
1,74285;0,85921;10;134;341;1;7;0;5;5;4;1
1,74285;0,85921;10;215;382;0;1;1;4;8;4;8
1,74285;0,85921;15;21;263;2;1;1;5;1;3;8
1,74123;0,86007;4;283;197;1;5;1;4;6;6;2
1,74123;0,86007;10;435;337;1;1;1;2;3;6;3
1,74123;0,86007;3;364;466;2;1;1;3;1;4;4
1,73691;0,86187;15;403;307;1;7;1;3;7;8;5
1,73691;0,86187;6;280;122;0;8;0;2;1;4;1
1,73691;0,86187;14;293;104;0;2;0;2;7;8;3
1,73691;0,86187;6;379;451;1;5;0;8;6;2;3
1,73691;0,86187;1;376;62;0;3;1;5;4;4;4
1,74118;0,85983;16;26;324;2;8;0;7;8;7;6
1,74118;0,85983;7;198;336;2;3;0;7;5;4;4
1,74118;0,85983;6;180;406;0;6;0;1;4;1;5
1,74118;0,85983;3;172;414;2;5;1;8;8;7;5
1,74118;0,85983;8;87;285;1;7;0;8;7;4;2
1,74058;0,86050;14;485;11;1;6;0;5;3;1;8
1,74058;0,86050;11;357;432;1;7;1;8;5;4;5
1,74058;0,86050;16;505;512;1;2;0;4;4;3;3
1,74456;0,85899;10;170;72;0;3;1;8;7;1;1
1,74456;0,85899;12;323;99;1;6;0;7;7;7;3
1,74456;0,85899;12;385;378;1;7;0;6;4;2;3
1,74456;0,85899;6;412;422;1;5;0;2;4;7;6
1,74456;0,85899;11;51;70;2;8;0;7;6;8;2
1,74456;0,85899;4;454;493;1;1;0;2;4;2;5
1,73939;0,86147;6;30;342;2;3;1;2;1;8;1
1,73939;0,86147;6;36;321;0;4;0;8;5;7;4
1,73939;0,86147;9;156;194;0;1;1;3;2;3;5
1,73820;0,86237;9;68;423;1;6;0;4;8;1;8
1,73820;0,86237;1;340;240;0;5;1;3;8;8;5
1,73820;0,86237;5;258;168;2;6;1;7;8;5;5
1,73820;0,86237;12;192;390;0;3;1;3;7;5;1
1,73820;0,86237;16;479;240;1;4;1;7;2;8;4
1,73820;0,86237;5;367;269;0;5;1;7;1;7;4
1,73732;0,86142;13;27;329;2;6;1;7;2;7;2
1,73732;0,86142;13;419;134;0;7;0;6;6;5;6
1,74204;0,85982;13;347;422;1;5;0;2;3;1;8
1,74204;0,85982;8;85;349;2;5;0;5;4;3;7
1,74204;0,85982;3;233;254;2;6;0;1;5;5;8
1,74204;0,85982;14;228;54;0;3;0;1;8;3;4
1,74204;0,85982;1;415;417;2;7;0;7;8;7;7
1,74204;0,85982;2;190;359;0;6;0;1;7;2;8
1,74204;0,85982;4;186;338;1;5;0;8;4;4;6
1,74292;0,85914;6;338;191;0;8;0;1;8;4;8
1,74292;0,85914;9;383;146;1;4;1;3;1;2;1
1,74292;0,85914;11;304;29;1;1;1;6;6;3;1
1,74292;0,85914;7;470;454;1;6;0;7;6;6;8
1,74199;0,86060;13;316;37;2;1;1;7;3;4;8
1,74199;0,86060;1;366;364;1;1;1;1;7;6;7
1,74199;0,86060;8;396;264;1;5;0;1;3;5;1
1,74199;0,86060;7;333;456;2;8;1;2;6;3;8
1,74397;0,85967;9;453;299;1;7;1;1;3;1;1
1,74397;0,85967;9;241;249;0;1;1;3;4;5;3
1,74397;0,85967;11;250;352;2;8;1;2;6;8;2
1,74397;0,85967;14;354;402;2;4;0;8;2;6;6
1,74397;0,85967;12;445;98;1;2;1;6;8;2;1
1,74136;0,86031;14;281;240;0;5;0;5;2;4;4
1,74136;0,86031;6;33;10;1;8;0;4;7;1;7
1,74136;0,86031;2;32;374;0;1;1;4;8;1;3
1,73908;0,86103;11;116;301;0;6;0;2;6;3;1
1,73908;0,86103;9;187;94;2;7;0;1;3;1;8
1,73908;0,86103;9;153;463;1;6;1;2;7;4;7
1,73908;0,86103;4;460;92;0;6;1;4;1;1;7
1,74022;0,86103;2;369;348;0;4;0;3;1;1;5
1,74022;0,86103;9;276;194;0;6;0;1;7;5;8
1,74022;0,86103;7;110;95;2;8;1;2;3;5;1
1,74022;0,86103;10;376;281;2;4;0;6;6;5;6
1,73587;0,86356;13;40;394;0;3;0;2;7;3;8
1,73587;0,86356;6;467;402;0;3;1;2;5;4;7
1,73587;0,86356;15;16;221;1;4;0;2;5;6;3
1,74464;0,85922;10;197;486;0;4;0;4;6;7;8
1,74464;0,85922;13;127;64;2;3;1;6;1;1;1
1,74464;0,85922;14;475;487;1;3;1;2;7;5;8
1,74464;0,85922;13;220;20;1;5;0;8;1;4;7
1,74464;0,85922;11;209;231;0;1;0;6;2;5;7
1,74134;0,85943;10;422;294;1;1;0;1;6;3;7
1,74134;0,85943;5;348;207;0;8;0;2;6;2;3
1,74134;0,85943;14;488;467;2;4;1;5;8;1;1
1,74053;0,86069;14;240;279;1;1;1;5;6;7;8
1,74053;0,86069;4;444;154;2;8;1;6;4;7;5
1,74053;0,86069;2;135;193;0;4;1;5;7;3;8
1,74053;0,86069;7;417;246;0;6;0;1;6;4;6
1,74053;0,86069;2;172;34;1;6;0;5;3;8;7
1,74007;0,86146;5;407;266;2;2;0;6;8;2;5
1,74007;0,86146;13;198;153;2;8;0;3;6;8;1
1,74007;0,86146;11;511;24;2;2;1;8;2;1;3
1,74007;0,86146;6;476;281;2;8;0;4;5;2;5
1,74007;0,86146;4;123;357;0;5;0;3;4;4;6
1,74376;0,85913;5;380;260;2;3;0;5;7;5;6
1,74376;0,85913;3;499;289;0;8;1;6;3;5;1
1,74376;0,85913;4;489;75;1;3;1;3;6;1;2
1,74610;0,85742;14;430;73;0;6;1;6;2;4;3
1,74610;0,85742;12;266;450;1;5;0;8;7;1;6
1,74610;0,85742;4;109;157;2;5;1;4;2;6;8
1,74610;0,85742;3;468;386;2;7;0;3;7;8;4
1,74610;0,85742;12;370;209;2;8;0;3;2;8;3
1,74610;0,85742;15;48;128;0;6;1;3;8;1;3
1,74610;0,85742;15;234;486;1;7;0;4;6;1;6
1,74324;0,85944;3;407;321;2;5;1;5;1;5;4
1,74324;0,85944;10;216;511;1;7;0;6;6;5;3
1,74324;0,85944;8;406;252;1;5;0;3;5;8;3
1,74069;0,86027;4;52;221;1;3;0;1;1;4;8
1,74069;0,86027;11;6;83;2;8;1;4;1;2;8
1,74069;0,86027;12;312;229;0;2;0;3;7;7;1
1,74069;0,86027;1;258;147;0;2;0;6;3;1;2
1,74069;0,86027;3;1;254;1;6;0;2;7;1;7
1,74069;0,86027;1;475;201;2;3;1;4;7;1;7
1,73732;0,86231;5;483;243;1;8;0;4;6;5;5
1,73732;0,86231;5;334;93;1;2;1;4;1;1;2
1,73732;0,86231;6;205;210;0;4;0;7;6;1;3
1,73732;0,86231;4;421;250;0;1;1;7;7;7;8
1,73732;0,86231;2;331;232;1;5;1;2;6;5;4
1,74483;0,85880;9;17;301;0;5;0;2;5;1;6
1,74483;0,85880;5;285;6;2;3;0;3;8;4;3
1,74483;0,85880;6;386;447;2;2;1;4;1;6;3
1,74162;0,85980;6;32;511;0;2;0;6;4;2;8
1,74162;0,85980;14;198;496;2;1;1;6;4;5;6
1,74162;0,85980;1;74;413;1;3;1;5;4;5;8
1,74162;0,85980;6;308;90;1;8;0;3;3;1;1
1,74162;0,85980;10;371;509;1;3;1;1;2;1;7
1,74162;0,85980;4;294;387;0;3;1;8;2;4;2
1,74603;0,85738;7;410;490;1;6;1;8;3;5;2
1,74603;0,85738;9;296;199;2;8;1;5;6;1;5
1,74603;0,85738;14;174;127;2;7;0;7;2;1;2
1,74603;0,85738;5;267;429;1;2;1;4;4;8;3
1,74100;0,86017;14;358;445;1;4;1;2;8;6;1
1,74100;0,86017;5;143;339;0;7;1;5;1;2;6
1,74100;0,86017;5;27;144;2;5;1;5;7;4;2
1,74100;0,86017;3;68;359;0;7;1;2;7;7;6
1,74496;0,85850;5;393;484;2;2;1;2;3;3;5
1,74496;0,85850;1;303;27;0;2;1;4;3;1;2
1,74496;0,85850;1;210;4;2;1;0;5;5;1;2
1,74496;0,85850;6;111;194;2;3;0;3;4;2;5
1,74496;0,85850;14;180;78;0;7;1;4;2;6;7
1,74253;0,85985;16;37;314;2;5;1;3;2;8;6
1,74253;0,85985;7;13;307;1;8;1;6;3;1;6
1,74253;0,85985;10;451;389;1;1;0;7;6;5;8
1,74253;0,85985;3;208;408;0;2;0;7;7;5;6
1,74269;0,85990;13;192;361;2;2;0;6;2;2;5
1,74269;0,85990;6;74;261;2;5;0;5;8;4;6
1,74269;0,85990;4;72;496;2;2;1;7;7;3;4
1,74269;0,85990;13;82;218;2;6;0;1;4;2;7
1,74269;0,85990;9;181;380;1;2;0;8;3;8;8
1,74269;0,85990;13;334;41;1;5;1;5;8;6;2
1,74269;0,85990;10;446;124;1;8;1;1;4;3;3
1,74165;0,86014;5;356;24;2;5;1;1;5;1;4
1,74165;0,86014;16;285;84;0;4;1;2;8;7;2
1,74165;0,86014;16;348;170;2;6;1;7;6;3;7
1,74165;0,86014;15;111;15;1;5;0;8;5;1;2
1,74238;0,85969;3;359;477;0;8;0;7;8;3;4
1,74238;0,85969;14;99;28;2;7;0;7;6;7;6
1,74238;0,85969;6;346;9;0;1;0;5;6;4;5
1,74238;0,85969;16;444;275;1;2;1;4;2;2;8
1,74061;0,86065;6;137;371;0;4;1;5;6;5;3
1,74061;0,86065;15;100;310;1;3;1;3;5;5;4
1,74061;0,86065;6;400;465;1;7;1;3;5;5;4
1,74061;0,86065;15;433;278;1;1;0;1;2;4;4
1,74061;0,86065;2;92;311;0;3;0;7;4;4;7
1,73978;0,86168;12;229;510;1;8;1;5;1;2;5
1,73978;0,86168;4;219;21;2;5;0;8;5;7;5
1,73978;0,86168;11;110;63;0;3;1;4;6;4;3
1,74201;0,86007;11;342;410;2;7;0;1;6;7;3
1,74201;0,86007;14;405;424;2;7;0;6;7;5;4
1,74201;0,86007;3;332;380;0;4;0;8;4;7;1
1,74201;0,86007;12;319;236;0;5;0;8;1;6;3
1,74201;0,86007;4;334;80;1;6;1;8;4;5;2
1,74201;0,86007;4;322;379;1;4;1;6;6;7;1
1,74072;0,86042;12;144;307;2;2;1;3;3;4;1
1,74072;0,86042;11;412;351;2;7;1;5;1;4;2
1,73768;0,86120;8;19;204;0;6;0;1;2;7;6
1,73768;0,86120;16;155;197;0;7;0;1;5;1;2
1,73768;0,86120;3;17;431;0;2;0;2;1;7;7
1,73768;0,86120;7;78;371;0;7;0;2;1;5;4
1,73768;0,86120;13;160;251;2;6;1;5;2;5;6
1,73768;0,86120;2;423;492;1;8;1;6;8;8;2
1,73973;0,86104;7;512;442;0;5;1;8;8;5;2
1,73973;0,86104;2;3;80;2;7;0;2;2;2;3
1,73973;0,86104;10;104;161;0;5;0;5;8;5;8
1,74022;0,86024;16;219;97;1;5;0;7;5;1;8
1,74022;0,86024;16;214;263;1;1;0;5;7;7;3
1,74022;0,86024;3;69;449;0;7;1;4;5;3;7
1,74022;0,86024;8;33;45;0;5;0;2;7;8;4
1,74022;0,86024;12;289;321;1;2;0;3;8;1;4
1,74402;0,85829;15;181;501;0;6;0;4;8;5;8
1,74402;0,85829;16;154;12;2;5;1;7;5;6;8
1,74402;0,85829;10;456;505;0;2;1;4;3;3;4
1,74402;0,85829;9;93;274;0;2;1;2;1;1;4
1,74402;0,85829;1;20;31;1;1;0;6;3;1;3
1,73931;0,86129;12;500;473;0;8;1;2;2;3;7
1,73931;0,86129;7;134;64;1;7;1;2;1;1;2
1,73931;0,86129;15;52;443;0;1;1;6;2;4;5
1,73931;0,86129;11;214;452;2;6;0;3;3;7;7
1,73882;0,86093;3;401;72;0;6;1;3;6;1;3
1,73882;0,86093;12;35;341;1;3;1;2;4;3;2
1,73882;0,86093;4;490;163;1;4;0;6;7;5;4
1,73882;0,86093;4;203;28;0;1;0;6;3;1;5
1,73882;0,86093;3;50;499;0;5;1;2;5;5;2
1,73882;0,86093;5;92;62;1;5;0;1;3;1;2
1,74155;0,85972;8;43;362;1;6;0;5;8;2;6
1,74155;0,85972;13;172;311;0;7;1;6;8;3;5
1,74155;0,85972;16;340;160;0;7;1;7;4;7;4
1,74433;0,85907;10;215;408;0;8;0;1;1;2;5
1,74433;0,85907;1;271;329;2;3;0;7;2;7;8
1,74433;0,85907;14;490;398;0;6;0;1;2;2;4
1,74433;0,85907;7;172;173;1;8;0;7;5;5;1
1,74433;0,85907;2;435;136;0;5;0;2;5;4;8
1,73867;0,86121;6;387;186;1;5;1;3;4;7;6
1,73867;0,86121;12;364;307;0;8;1;7;3;6;3
1,73867;0,86121;4;170;265;2;2;0;4;6;2;1
1,73867;0,86121;2;361;88;2;8;1;1;3;3;2
1,73867;0,86121;14;30;180;0;6;0;5;2;4;1
1,73867;0,86121;16;40;449;0;4;1;3;8;8;5
1,74178;0,85965;12;20;128;0;8;0;4;1;6;1
1,74178;0,85965;1;5;493;0;8;0;7;5;8;3
1,74178;0,85965;15;60;369;2;4;1;1;2;3;6
1,73867;0,86126;5;105;313;1;4;1;4;1;7;5
1,73867;0,86126;10;204;80;1;2;1;8;8;4;1
1,73867;0,86126;13;337;480;0;8;1;4;5;3;6
1,73867;0,86126;2;352;468;1;1;1;2;7;6;3
1,73867;0,86126;3;72;334;2;5;1;3;7;1;6
1,73926;0,86167;2;186;312;2;8;1;5;7;4;4
1,73926;0,86167;1;193;48;1;2;1;3;1;5;8
1,73926;0,86167;15;363;184;2;4;0;7;1;7;8
1,74173;0,86039;4;99;111;1;4;0;1;3;7;5
1,74173;0,86039;10;182;404;2;7;1;8;5;3;2
1,74173;0,86039;16;127;512;1;6;1;8;3;5;1
1,74173;0,86039;8;10;371;1;2;0;2;4;6;5
1,74030;0,86061;13;297;453;0;3;0;3;2;4;1
1,74030;0,86061;6;28;63;2;4;1;6;1;4;2
1,74030;0,86061;5;421;471;1;7;1;4;3;5;2
1,73929;0,86193;2;167;467;1;5;0;3;3;7;1
1,73929;0,86193;13;96;246;1;8;1;7;7;5;2
1,73929;0,86193;12;380;237;2;3;0;1;6;1;5
1,73929;0,86193;1;330;245;2;2;1;3;6;4;3
1,73929;0,86193;7;164;40;0;4;0;5;3;8;6
1,74410;0,85868;2;200;450;1;6;1;6;6;1;4
1,74410;0,85868;9;498;181;2;4;0;5;5;3;2
1,74410;0,85868;13;293;426;2;7;0;3;8;2;8
1,73929;0,86129;9;312;225;1;5;1;6;3;3;8
1,73929;0,86129;16;351;105;2;1;1;6;8;2;8
1,73929;0,86129;13;89;236;0;1;1;1;6;5;6
1,73929;0,86129;5;266;457;1;8;1;5;4;2;2
1,73929;0,86129;6;107;51;0;4;1;1;1;5;8
1,73929;0,86129;15;311;296;1;6;0;3;4;2;5
1,73929;0,86129;7;358;337;0;1;1;3;7;1;3
1,74650;0,85760;14;399;316;1;4;1;2;2;4;7
1,74650;0,85760;7;298;140;2;1;1;6;5;7;5
1,74650;0,85760;15;442;461;0;1;0;6;2;4;5
1,74650;0,85760;6;125;269;0;7;1;7;5;4;6
1,73361;0,86403;4;204;136;2;1;1;6;5;1;7
1,73361;0,86403;7;373;283;1;1;0;1;7;6;8
1,73361;0,86403;3;280;135;0;5;0;3;3;5;8
1,73361;0,86403;11;23;89;1;8;0;3;3;6;8
1,74355;0,85884;2;274;452;1;3;0;7;2;6;1
1,74355;0,85884;6;208;233;1;3;1;1;3;3;4
1,74355;0,85884;6;230;258;0;5;1;6;3;8;8
1,74355;0,85884;15;193;413;2;7;0;1;1;3;2
1,74355;0,85884;15;394;313;2;6;0;8;2;3;8
1,74355;0,85884;11;430;417;1;3;1;1;3;4;4
1,74253;0,85936;16;329;248;1;7;1;1;1;7;7
1,74253;0,85936;1;237;155;1;7;0;4;7;5;1
1,73893;0,86123;11;450;168;2;6;1;5;3;8;2
1,73893;0,86123;2;354;4;2;2;0;1;7;3;2
1,73893;0,86123;13;383;196;1;4;0;5;1;3;4
1,73893;0,86123;14;341;224;1;4;0;8;2;1;5
1,73893;0,86123;14;319;83;0;4;0;3;2;4;8
1,73893;0,86123;14;455;374;0;2;1;5;1;8;4
1,73900;0,86120;13;125;443;1;5;1;5;5;3;4
1,73900;0,86120;3;434;277;2;7;1;6;2;5;4
1,74033;0,86082;2;399;9;0;2;1;6;5;7;8
1,74033;0,86082;9;238;374;0;5;1;2;5;4;5
1,74033;0,86082;8;122;482;1;2;1;1;2;7;3
1,74033;0,86082;3;25;414;1;5;1;5;7;8;6
1,74033;0,86082;14;78;85;2;7;0;4;4;8;6
1,74033;0,86082;9;402;503;2;4;1;6;2;8;5
1,74248;0,85961;16;152;33;2;4;1;3;4;3;8
1,74248;0,85961;13;298;358;1;1;0;1;4;3;1
1,74248;0,85961;13;432;69;0;4;0;2;5;1;1
1,74248;0,85961;14;60;46;1;7;1;1;3;5;8
1,74248;0,85961;9;263;28;1;6;0;5;1;6;2
1,74459;0,85820;2;261;246;0;2;0;6;8;2;1
1,74459;0,85820;11;168;71;2;2;1;3;4;6;7
1,74459;0,85820;3;171;53;0;1;0;7;3;4;3
1,74459;0,85820;12;497;306;1;3;0;1;3;3;3
1,73880;0,86157;15;153;12;1;8;0;3;6;6;5
1,73880;0,86157;12;181;110;1;6;0;3;3;1;8
1,73880;0,86157;7;306;151;0;4;0;3;1;1;5
1,73880;0,86157;2;53;326;0;2;0;1;5;6;7
1,73880;0,86157;14;24;290;2;6;0;5;4;4;5
1,73880;0,86157;14;204;372;1;3;1;6;3;6;1
1,74371;0,85937;6;363;286;1;4;1;1;4;8;4
1,74371;0,85937;15;99;92;1;4;1;2;4;4;7
1,74371;0,85937;3;172;486;1;3;1;7;1;1;3
1,74337;0,85901;5;339;333;0;8;1;2;3;2;3
1,74337;0,85901;1;446;352;2;8;1;2;5;7;8
1,74337;0,85901;2;180;240;2;5;0;5;4;6;2
1,74337;0,85901;12;386;392;2;2;0;3;6;1;5
